{"cameraMode":{"drawMode":0,"name":"Shaded","section":"Shading Mode"},"sceneLighting":true,"audioPlay":false,"sceneViewState":{"showFog":true,"showMaterialUpdate":false,"showSkybox":true,"showFlares":true,"showImageEffects":true,"showParticleSystems":true},"in2DMode":false,"pivot":{"x":1510.61572265625,"y":48.316650390625,"z":702.7354736328125},"rotation":{"x":0.18755052983760835,"y":-0.7771860957145691,"z":0.272208571434021,"w":0.5354689359664917},"size":862.1233520507813,"orthographic":false}