{"cameraMode":{"drawMode":0,"name":"Shaded","section":"Shading Mode"},"sceneLighting":true,"audioPlay":false,"sceneViewState":{"showFog":true,"showMaterialUpdate":false,"showSkybox":true,"showFlares":true,"showImageEffects":true,"showParticleSystems":true},"in2DMode":false,"pivot":{"x":1623.2669677734375,"y":118.20697021484375,"z":815.1075439453125},"rotation":{"x":0.19687965512275697,"y":-0.8021599054336548,"z":0.4200628399848938,"w":0.3759738504886627},"size":4.488891124725342,"orthographic":false}